{
  "trial_name": "reip_bad_leader_t1",
  "controller": "reip",
  "fault_type": "bad_leader",
  "trial_num": 1,
  "duration": 120,
  "fault_time_1": 10,
  "fault_time_2": 30,
  "start_time": 1772498953.3846104,
  "start_ts": "20260302_164913",
  "fault1_robot": 1,
  "fault1_actual_time": 10.01096487045288,
  "fault2_robot": 1,
  "fault2_actual_time": 30.205371379852295,
  "actual_duration": 120.35521626472473
}