{
  "trial_name": "reip_self_injure_leader_t5",
  "controller": "reip",
  "fault_type": "self_injure_leader",
  "trial_num": 5,
  "duration": 120,
  "fault_time_1": 20,
  "fault_time_2": 40,
  "start_time": 1773629625.8069916,
  "start_ts": "20260315_195345",
  "active_robots": [
    1,
    2,
    3,
    4,
    5
  ],
  "fault1_robot": 1,
  "fault1_actual_time": 20.02465581893921,
  "fault2_robot": 2,
  "fault2_actual_time": 40.084606885910034,
  "actual_duration": 120.21797370910645
}