{
  "trial_name": "reip_bad_leader_t5",
  "controller": "reip",
  "fault_type": "bad_leader",
  "trial_num": 5,
  "duration": 120,
  "fault_time_1": 20,
  "fault_time_2": 40,
  "start_time": 1773627004.1321013,
  "start_ts": "20260315_191004",
  "active_robots": [
    1,
    2,
    3,
    4,
    5
  ],
  "fault1_robot": 1,
  "fault1_actual_time": 20.01569437980652,
  "fault2_robot": 1,
  "fault2_actual_time": 40.11759042739868,
  "actual_duration": 120.38077163696289
}