{
  "trial_name": "reip_bad_leader_t1",
  "controller": "reip",
  "fault_type": "bad_leader",
  "trial_num": 1,
  "duration": 120,
  "fault_time_1": 10,
  "fault_time_2": 30,
  "start_time": 1772499172.705207,
  "start_ts": "20260302_165252",
  "fault1_robot": 1,
  "fault1_actual_time": 10.00912094116211,
  "fault2_robot": 2,
  "fault2_actual_time": 30.086610794067383,
  "actual_duration": 120.218190908432
}