{
  "trial_name": "reip_freeze_leader_t5",
  "controller": "reip",
  "fault_type": "freeze_leader",
  "trial_num": 5,
  "duration": 120,
  "fault_time_1": 20,
  "fault_time_2": 40,
  "start_time": 1773628593.9465666,
  "start_ts": "20260315_193633",
  "active_robots": [
    1,
    2,
    3,
    4,
    5
  ],
  "fault1_robot": 1,
  "fault1_actual_time": 20.022230863571167,
  "fault2_robot": 1,
  "fault2_actual_time": 40.06875443458557,
  "actual_duration": 120.21295738220215
}