{
  "trial_name": "reip_freeze_leader_t1",
  "controller": "reip",
  "fault_type": "freeze_leader",
  "trial_num": 1,
  "duration": 120,
  "fault_time_1": 20,
  "fault_time_2": 40,
  "start_time": 1773627396.2088923,
  "start_ts": "20260315_191636",
  "active_robots": [
    1,
    2,
    3,
    4,
    5
  ],
  "fault1_robot": 1,
  "fault1_actual_time": 20.018238067626953,
  "fault2_robot": 3,
  "fault2_actual_time": 40.064385652542114,
  "actual_duration": 120.17943453788757
}