{
  "trial_name": "reip_self_injure_leader_t1",
  "controller": "reip",
  "fault_type": "self_injure_leader",
  "trial_num": 1,
  "duration": 120,
  "fault_time_1": 20,
  "fault_time_2": 40,
  "start_time": 1773376306.1652882,
  "start_ts": "20260312_213146",
  "active_robots": [
    1,
    2,
    3,
    4,
    5
  ],
  "fault1_robot": 1,
  "fault1_actual_time": 20.027883529663086,
  "fault2_robot": 1,
  "fault2_actual_time": 40.062835693359375,
  "actual_duration": 120.20325350761414
}