{
  "trial_name": "reip_self_injure_leader_t3",
  "controller": "reip",
  "fault_type": "self_injure_leader",
  "trial_num": 3,
  "duration": 120,
  "fault_time_1": 20,
  "fault_time_2": 40,
  "start_time": 1773629219.1663437,
  "start_ts": "20260315_194659",
  "active_robots": [
    1,
    2,
    3,
    4,
    5
  ],
  "fault1_robot": 1,
  "fault1_actual_time": 20.0267653465271,
  "fault2_robot": 2,
  "fault2_actual_time": 40.08031463623047,
  "actual_duration": 120.18979978561401
}