{
  "trial_name": "raft_self_injure_leader_t4",
  "controller": "raft",
  "fault_type": "self_injure_leader",
  "trial_num": 4,
  "duration": 120,
  "fault_time_1": 20,
  "fault_time_2": 40,
  "start_time": 1773634329.8168604,
  "start_ts": "20260315_211209",
  "active_robots": [
    1,
    2,
    3,
    4,
    5
  ],
  "fault1_robot": 1,
  "fault1_actual_time": 20.0195152759552,
  "fault2_robot": 1,
  "fault2_actual_time": 40.105844497680664,
  "actual_duration": 120.21280694007874
}