{
  "trial_name": "reip_freeze_leader_t3",
  "controller": "reip",
  "fault_type": "freeze_leader",
  "trial_num": 3,
  "duration": 120,
  "fault_time_1": 20,
  "fault_time_2": 40,
  "start_time": 1773628127.3618383,
  "start_ts": "20260315_192847",
  "active_robots": [
    1,
    2,
    3,
    4,
    5
  ],
  "fault1_robot": 1,
  "fault1_actual_time": 20.019665002822876,
  "fault2_robot": 1,
  "fault2_actual_time": 40.05720829963684,
  "actual_duration": 120.20996499061584
}