{
  "trial_name": "reip_self_injure_leader_t1",
  "controller": "reip",
  "fault_type": "self_injure_leader",
  "trial_num": 1,
  "duration": 120,
  "fault_time_1": 10,
  "fault_time_2": 30,
  "start_time": 1772947681.7133546,
  "start_ts": "20260307_212801",
  "fault1_robot": 2,
  "fault1_actual_time": 10.009037256240845,
  "fault2_robot": 5,
  "fault2_actual_time": 30.188114166259766,
  "actual_duration": 120.31003141403198
}