{
  "trial_name": "reip_bad_leader_t1",
  "controller": "reip",
  "fault_type": "bad_leader",
  "trial_num": 1,
  "duration": 120,
  "fault_time_1": 10,
  "fault_time_2": 30,
  "start_time": 1772441182.2978282,
  "start_ts": "20260302_004622",
  "fault1_robot": 1,
  "fault1_actual_time": 10.011748313903809,
  "fault2_robot": 1,
  "fault2_actual_time": 30.133777856826782,
  "actual_duration": 120.36671829223633
}