{
  "trial_name": "reip_bad_leader_t1",
  "controller": "reip",
  "fault_type": "bad_leader",
  "trial_num": 1,
  "duration": 120,
  "fault_time_1": 10,
  "fault_time_2": 30,
  "start_time": 1772500014.6726687,
  "start_ts": "20260302_170654",
  "fault1_robot": 1,
  "fault1_actual_time": 10.010332345962524,
  "fault2_robot": 2,
  "fault2_actual_time": 30.03079652786255,
  "actual_duration": 120.26177382469177
}