{
  "trial_name": "raft_freeze_leader_t1",
  "controller": "raft",
  "fault_type": "freeze_leader",
  "trial_num": 1,
  "duration": 120,
  "fault_time_1": 20,
  "fault_time_2": 40,
  "start_time": 1773632274.3800201,
  "start_ts": "20260315_203754",
  "active_robots": [
    1,
    2,
    3,
    4,
    5
  ],
  "fault1_robot": 3,
  "fault1_actual_time": 20.018989086151123,
  "fault2_robot": 2,
  "fault2_actual_time": 40.0886447429657,
  "actual_duration": 120.18368935585022
}