{
  "trial_name": "reip_bad_leader_t1",
  "controller": "reip",
  "fault_type": "bad_leader",
  "trial_num": 1,
  "duration": 120,
  "fault_time_1": 10,
  "fault_time_2": 30,
  "start_time": 1772494547.6809697,
  "start_ts": "20260302_153547",
  "fault1_robot": 1,
  "fault1_actual_time": 10.008497476577759,
  "fault2_robot": 4,
  "fault2_actual_time": 30.155517101287842,
  "actual_duration": 120.26434135437012
}