{
  "trial_name": "reip_freeze_leader_t4",
  "controller": "reip",
  "fault_type": "freeze_leader",
  "trial_num": 4,
  "duration": 120,
  "fault_time_1": 20,
  "fault_time_2": 40,
  "start_time": 1773628308.9007423,
  "start_ts": "20260315_193148",
  "active_robots": [
    1,
    2,
    3,
    4,
    5
  ],
  "fault1_robot": 1,
  "fault1_actual_time": 20.02998995780945,
  "fault2_robot": 2,
  "fault2_actual_time": 40.08489656448364,
  "actual_duration": 120.33924698829651
}