{
  "trial_name": "reip_bad_leader_t1",
  "controller": "reip",
  "fault_type": "bad_leader",
  "trial_num": 1,
  "duration": 120,
  "fault_time_1": 10,
  "fault_time_2": 30,
  "start_time": 1772493562.4302173,
  "start_ts": "20260302_151922",
  "fault1_robot": 1,
  "fault1_actual_time": 10.00962209701538,
  "fault2_robot": 2,
  "fault2_actual_time": 30.033435344696045,
  "actual_duration": 120.17438435554504
}