{
  "trial_name": "raft_self_injure_leader_t3",
  "controller": "raft",
  "fault_type": "self_injure_leader",
  "trial_num": 3,
  "duration": 120,
  "fault_time_1": 20,
  "fault_time_2": 40,
  "start_time": 1773634010.8104398,
  "start_ts": "20260315_210650",
  "active_robots": [
    1,
    2,
    3,
    4,
    5
  ],
  "fault1_robot": 1,
  "fault1_actual_time": 20.024163722991943,
  "fault2_robot": 1,
  "fault2_actual_time": 40.06053805351257,
  "actual_duration": 120.21676588058472
}