{
  "trial_name": "reip_bad_leader_t1",
  "controller": "reip",
  "fault_type": "bad_leader",
  "trial_num": 1,
  "duration": 120,
  "fault_time_1": 10,
  "fault_time_2": 30,
  "start_time": 1772442268.9979353,
  "start_ts": "20260302_010428",
  "fault1_robot": 1,
  "fault1_actual_time": 10.010159015655518,
  "fault2_robot": 2,
  "fault2_actual_time": 30.041916131973267,
  "actual_duration": 120.13827753067017
}