{
  "trial_name": "raft_bad_leader_t1",
  "controller": "raft",
  "fault_type": "bad_leader",
  "trial_num": 1,
  "duration": 120,
  "fault_time_1": 20,
  "fault_time_2": 40,
  "start_time": 1773631056.710043,
  "start_ts": "20260315_201736",
  "active_robots": [
    1,
    2,
    3,
    4,
    5
  ],
  "fault1_robot": 1,
  "fault1_actual_time": 20.018737077713013,
  "fault2_robot": 1,
  "fault2_actual_time": 40.13400077819824,
  "actual_duration": 120.22808194160461
}