{
  "trial_name": "reip_bad_leader_t1",
  "controller": "reip",
  "fault_type": "bad_leader",
  "trial_num": 1,
  "duration": 120,
  "fault_time_1": 10,
  "fault_time_2": 30,
  "start_time": 1772494066.4384933,
  "start_ts": "20260302_152746",
  "fault1_robot": 1,
  "fault1_actual_time": 10.011339902877808,
  "fault2_robot": 3,
  "fault2_actual_time": 30.099459886550903,
  "actual_duration": 120.36749219894409
}