{
  "trial_name": "reip_bad_leader_t2",
  "controller": "reip",
  "fault_type": "bad_leader",
  "trial_num": 2,
  "duration": 120,
  "fault_time_1": 20,
  "fault_time_2": 40,
  "start_time": 1773626079.943565,
  "start_ts": "20260315_185439",
  "active_robots": [
    1,
    2,
    3,
    4,
    5
  ],
  "fault1_robot": 1,
  "fault1_actual_time": 20.020525217056274,
  "actual_duration": 120.1731231212616
}