{
  "trial_name": "raft_self_injure_leader_t2",
  "controller": "raft",
  "fault_type": "self_injure_leader",
  "trial_num": 2,
  "duration": 120,
  "fault_time_1": 20,
  "fault_time_2": 40,
  "start_time": 1773633824.1925616,
  "start_ts": "20260315_210344",
  "active_robots": [
    1,
    2,
    3,
    4,
    5
  ],
  "fault1_robot": 5,
  "fault1_actual_time": 20.019346714019775,
  "fault2_robot": 1,
  "fault2_actual_time": 40.06796383857727,
  "actual_duration": 120.21305894851685
}