{
  "trial_name": "reip_bad_leader_t1",
  "controller": "reip",
  "fault_type": "bad_leader",
  "trial_num": 1,
  "duration": 120,
  "fault_time_1": 10,
  "fault_time_2": 30,
  "start_time": 1772440787.1636615,
  "start_ts": "20260302_003947",
  "fault1_robot": 2,
  "fault1_actual_time": 10.015413522720337,
  "fault2_robot": 2,
  "fault2_actual_time": 30.09594702720642,
  "actual_duration": 120.37242817878723
}