{
  "trial_name": "raft_self_injure_leader_t1",
  "controller": "raft",
  "fault_type": "self_injure_leader",
  "trial_num": 1,
  "duration": 120,
  "fault_time_1": 20,
  "fault_time_2": 40,
  "start_time": 1773633636.0862162,
  "start_ts": "20260315_210036",
  "active_robots": [
    1,
    2,
    3,
    4,
    5
  ],
  "fault1_robot": 2,
  "fault1_actual_time": 20.03629732131958,
  "fault2_robot": 5,
  "fault2_actual_time": 40.064746379852295,
  "actual_duration": 120.19770288467407
}