{
  "trial_name": "reip_self_injure_leader_t4",
  "controller": "reip",
  "fault_type": "self_injure_leader",
  "trial_num": 4,
  "duration": 120,
  "fault_time_1": 20,
  "fault_time_2": 40,
  "start_time": 1773629424.3173685,
  "start_ts": "20260315_195024",
  "active_robots": [
    1,
    2,
    3,
    4,
    5
  ],
  "fault1_robot": 1,
  "fault1_actual_time": 20.019399642944336,
  "fault2_robot": 2,
  "fault2_actual_time": 40.174659729003906,
  "actual_duration": 120.27797412872314
}