{
  "trial_name": "reip_bad_leader_t4",
  "controller": "reip",
  "fault_type": "bad_leader",
  "trial_num": 4,
  "duration": 120,
  "fault_time_1": 20,
  "fault_time_2": 40,
  "start_time": 1773626474.5372005,
  "start_ts": "20260315_190114",
  "active_robots": [
    1,
    2,
    3,
    4,
    5
  ],
  "fault1_robot": 1,
  "fault1_actual_time": 20.01834988594055,
  "fault2_robot": 2,
  "fault2_actual_time": 40.10251522064209,
  "actual_duration": 120.2713451385498
}