{
  "trial_name": "reip_bad_leader_t1",
  "controller": "reip",
  "fault_type": "bad_leader",
  "trial_num": 1,
  "duration": 120,
  "fault_time_1": 10,
  "fault_time_2": 30,
  "start_time": 1772441555.6293828,
  "start_ts": "20260302_005235",
  "fault1_robot": 1,
  "fault1_actual_time": 10.011269330978394,
  "fault2_robot": 1,
  "fault2_actual_time": 30.147324085235596,
  "actual_duration": 120.28301429748535
}