{
  "trial_name": "reip_freeze_leader_t1",
  "controller": "reip",
  "fault_type": "freeze_leader",
  "trial_num": 1,
  "duration": 120,
  "fault_time_1": 20,
  "fault_time_2": 40,
  "start_time": 1773375980.8929608,
  "start_ts": "20260312_212620",
  "active_robots": [
    1,
    2,
    3,
    4,
    5
  ],
  "fault1_robot": 1,
  "fault1_actual_time": 20.016802310943604,
  "fault2_robot": 1,
  "fault2_actual_time": 40.04089546203613,
  "actual_duration": 120.1380021572113
}