{
  "trial_name": "reip_bad_leader_t2",
  "controller": "reip",
  "fault_type": "bad_leader",
  "trial_num": 2,
  "duration": 120,
  "fault_time_1": 20,
  "fault_time_2": 40,
  "start_time": 1773380917.2122061,
  "start_ts": "20260312_224837",
  "active_robots": [
    1,
    2,
    3,
    4,
    5
  ],
  "fault1_robot": 1,
  "fault1_actual_time": 20.017773866653442,
  "fault2_robot": 1,
  "fault2_actual_time": 40.040525913238525,
  "actual_duration": 120.16560888290405
}