{
  "trial_name": "reip_bad_leader_t1",
  "controller": "reip",
  "fault_type": "bad_leader",
  "trial_num": 1,
  "duration": 120,
  "fault_time_1": 10,
  "fault_time_2": 30,
  "start_time": 1772495572.7639866,
  "start_ts": "20260302_155252",
  "fault1_robot": 1,
  "fault1_actual_time": 10.015329837799072,
  "fault2_robot": 3,
  "fault2_actual_time": 30.11182427406311,
  "actual_duration": 120.26646113395691
}