{
  "trial_name": "reip_bad_leader_t1",
  "controller": "reip",
  "fault_type": "bad_leader",
  "trial_num": 1,
  "duration": 120,
  "fault_time_1": 10,
  "fault_time_2": 30,
  "start_time": 1772501174.8218107,
  "start_ts": "20260302_172614",
  "fault1_robot": 1,
  "fault1_actual_time": 10.008545160293579,
  "fault2_robot": 2,
  "fault2_actual_time": 30.063262939453125,
  "actual_duration": 81.91535472869873
}