{
  "trial_name": "reip_self_injure_leader_t2",
  "controller": "reip",
  "fault_type": "self_injure_leader",
  "trial_num": 2,
  "duration": 120,
  "fault_time_1": 20,
  "fault_time_2": 40,
  "start_time": 1773629029.0868087,
  "start_ts": "20260315_194349",
  "active_robots": [
    1,
    2,
    3,
    4,
    5
  ],
  "fault1_robot": 1,
  "fault1_actual_time": 20.027309894561768,
  "fault2_robot": 2,
  "fault2_actual_time": 40.0641815662384,
  "actual_duration": 120.22370290756226
}