{
  "trial_name": "reip_freeze_leader_t2",
  "controller": "reip",
  "fault_type": "freeze_leader",
  "trial_num": 2,
  "duration": 120,
  "fault_time_1": 20,
  "fault_time_2": 40,
  "start_time": 1773627625.5617626,
  "start_ts": "20260315_192025",
  "active_robots": [
    1,
    2,
    3,
    4,
    5
  ],
  "fault1_robot": 1,
  "fault1_actual_time": 20.015699863433838,
  "fault2_robot": 1,
  "fault2_actual_time": 40.043293476104736,
  "actual_duration": 120.19776487350464
}