{
  "trial_name": "reip_bad_leader_t1",
  "controller": "reip",
  "fault_type": "bad_leader",
  "trial_num": 1,
  "duration": 120,
  "fault_time_1": 20,
  "fault_time_2": 40,
  "start_time": 1773625269.08312,
  "start_ts": "20260315_184109",
  "active_robots": [
    1,
    2,
    3,
    4,
    5
  ],
  "fault1_robot": 1,
  "fault1_actual_time": 20.014129400253296,
  "fault2_robot": 2,
  "fault2_actual_time": 40.19071125984192,
  "actual_duration": 120.3083188533783
}