{
  "trial_name": "raft_freeze_leader_t2",
  "controller": "raft",
  "fault_type": "freeze_leader",
  "trial_num": 2,
  "duration": 120,
  "fault_time_1": 20,
  "fault_time_2": 40,
  "start_time": 1773632487.616856,
  "start_ts": "20260315_204127",
  "active_robots": [
    1,
    2,
    3,
    4,
    5
  ],
  "fault1_robot": 2,
  "fault1_actual_time": 20.034874439239502,
  "fault2_robot": 3,
  "fault2_actual_time": 40.06757307052612,
  "actual_duration": 120.23089957237244
}