{
  "trial_name": "reip_bad_leader_t3",
  "controller": "reip",
  "fault_type": "bad_leader",
  "trial_num": 3,
  "duration": 120,
  "fault_time_1": 20,
  "fault_time_2": 40,
  "start_time": 1773626281.6128786,
  "start_ts": "20260315_185801",
  "active_robots": [
    1,
    2,
    3,
    4,
    5
  ],
  "fault1_robot": 1,
  "fault1_actual_time": 20.032418966293335,
  "fault2_robot": 3,
  "fault2_actual_time": 40.06668186187744,
  "actual_duration": 120.20732498168945
}