{
  "trial_name": "reip_bad_leader_t1",
  "controller": "reip",
  "fault_type": "bad_leader",
  "trial_num": 1,
  "duration": 120,
  "fault_time_1": 10,
  "fault_time_2": 30,
  "start_time": 1772499794.6670709,
  "start_ts": "20260302_170314",
  "fault1_robot": 1,
  "fault1_actual_time": 10.009640216827393,
  "fault2_robot": 2,
  "fault2_actual_time": 30.03428053855896,
  "actual_duration": 37.42433428764343
}