{
  "trial_name": "reip_self_injure_leader_t1",
  "controller": "reip",
  "fault_type": "self_injure_leader",
  "trial_num": 1,
  "duration": 120,
  "fault_time_1": 20,
  "fault_time_2": 40,
  "start_time": 1773376881.4532316,
  "start_ts": "20260312_214121",
  "active_robots": [
    1,
    2,
    3,
    4,
    5
  ],
  "fault1_robot": 1,
  "fault1_actual_time": 20.01643967628479,
  "fault2_robot": 2,
  "fault2_actual_time": 40.074342012405396,
  "actual_duration": 120.19372153282166
}