{
  "trial_name": "reip_self_injure_leader_t1",
  "controller": "reip",
  "fault_type": "self_injure_leader",
  "trial_num": 1,
  "duration": 120,
  "fault_time_1": 20,
  "fault_time_2": 40,
  "start_time": 1773628804.0732684,
  "start_ts": "20260315_194004",
  "active_robots": [
    1,
    2,
    3,
    4,
    5
  ],
  "fault1_robot": 1,
  "fault1_actual_time": 20.020346879959106,
  "fault2_robot": 2,
  "fault2_actual_time": 40.0628502368927,
  "actual_duration": 120.23559427261353
}