{
  "trial_name": "raft_bad_leader_t5",
  "controller": "raft",
  "fault_type": "bad_leader",
  "trial_num": 5,
  "duration": 120,
  "fault_time_1": 20,
  "fault_time_2": 40,
  "start_time": 1773632057.8103697,
  "start_ts": "20260315_203417",
  "active_robots": [
    1,
    2,
    3,
    4,
    5
  ],
  "fault1_robot": 4,
  "fault1_actual_time": 20.018513917922974,
  "fault2_robot": 4,
  "fault2_actual_time": 40.14887881278992,
  "actual_duration": 120.27143263816833
}